{"mctsScore":1.0,"Move number":-0.4338548278,"nodeID":0.2329144094,"numRemovedCells":0.0671116789,"numRemovedColumns":-0.2256346701,"color":-0.0322315992,"connectionsDestroyed":0.2633379682,"connectionsCreated":0.2671732026,"move column":-0.1416220176,"move height":-0.2564867237,"average cluster size":0.3633620674,"largest cluster":0.4555764204,"size 2 clusters":0.4564359697,"size 3 clusters":0.302366606,"size 4 clusters":0.2932284559,"size 5 clusters":0.3158403419,"size 6 clusters":0.1681564586,"size 7+ clusters":0.0721922631,"average column height":0.3293617599,"highest column":0.4255554988,"average colors per column":0.4305403877,"score":1.0}