{"mctsScore":1.0,"Move number":-0.2463371152,"nodeID":0.3881528189,"numRemovedCells":0.1050649174,"numRemovedColumns":-0.2493281666,"color":-0.0146395967,"connectionsDestroyed":0.1996645317,"connectionsCreated":0.246051982,"move column":-0.1267053595,"move height":-0.1794164628,"average cluster size":0.3502475588,"largest cluster":0.5121704158,"size 2 clusters":0.0652177753,"size 3 clusters":0.0681433689,"size 4 clusters":0.066478641,"size 5 clusters":0.1220621627,"size 6 clusters":0.2072201827,"size 7+ clusters":0.493830326,"average column height":0.3115895006,"highest column":0.3513480597,"average colors per column":0.3476300318,"score":0.9584020065}