{"mctsScore":1.0,"Move number":-0.2463371152,"nodeID":0.3881528189,"numRemovedCells":0.1050649174,"numRemovedColumns":-0.2493281666,"color":-0.0146395967,"connectionsDestroyed":0.1996645317,"connectionsCreated":0.246051982,"move column":-0.1267053595,"move height":-0.1794164628,"average cluster size":0.444118511,"largest cluster":0.5370608079,"size 2 clusters":0.0440754091,"size 3 clusters":0.2329351288,"size 4 clusters":0.3040190879,"size 5 clusters":0.1403144113,"size 6 clusters":0.1401832821,"size 7+ clusters":0.1161131908,"average column height":0.3115895006,"highest column":0.3513480597,"average colors per column":0.3476300318,"score":0.9584020065}